timestamp,flow1,flow2,flow3,pressure,diff12,diff23,flow_ratio_12,flow_ratio_23,flag,zone,risk,reason
2026-04-03 00:09:20,0.0,0.0,0.0,1.0,0.0,0.0,0.0,0.0,0,NORMAL,LOW,Normal
2026-04-03 00:09:21,0.0,0.0,0.0,1.0,0.0,0.0,0.0,0.0,0,NORMAL,LOW,Normal
2026-04-03 00:09:22,0.0,0.0,0.0,1.0,0.0,0.0,0.0,0.0,0,NORMAL,LOW,Normal
2026-04-03 00:09:23,0.0,0.0,0.0,1.0,0.0,0.0,0.0,0.0,0,NORMAL,LOW,Normal
2026-04-03 00:09:24,0.0,0.0,0.0,1.0,0.0,0.0,0.0,0.0,0,NORMAL,LOW,Normal
2026-04-03 00:09:25,0.0,0.0,0.0,1.0,0.0,0.0,0.0,0.0,0,NORMAL,LOW,Normal
2026-04-03 00:09:26,0.0,0.0,0.0,1.0,0.0,0.0,0.0,0.0,0,NORMAL,LOW,Normal
2026-04-03 00:09:27,0.0,0.0,0.0,1.0,0.0,0.0,0.0,0.0,0,NORMAL,LOW,Normal
2026-04-03 00:09:28,0.0,0.0,0.0,1.0,0.0,0.0,0.0,0.0,0,NORMAL,LOW,Normal
2026-04-03 00:09:29,0.0,0.0,0.0,1.0,0.0,0.0,0.0,0.0,0,NORMAL,LOW,Normal
2026-04-03 00:09:30,0.0,0.0,0.0,1.0,0.0,0.0,0.0,0.0,0,NORMAL,LOW,Normal
2026-04-03 00:09:31,0.0,0.0,0.0,1.0,0.0,0.0,0.0,0.0,0,NORMAL,LOW,Normal
2026-04-03 00:09:32,0.0,0.0,0.0,1.0,0.0,0.0,0.0,0.0,0,NORMAL,LOW,Normal
2026-04-03 00:09:33,0.0,0.0,0.0,1.0,0.0,0.0,0.0,0.0,0,NORMAL,LOW,Normal
2026-04-03 00:09:34,0.0,0.0,0.0,1.0,0.0,0.0,0.0,0.0,0,NORMAL,LOW,Normal
2026-04-03 00:09:35,0.0,0.0,0.0,1.0,0.0,0.0,0.0,0.0,0,NORMAL,LOW,Normal
2026-04-03 00:09:36,0.0,0.0,0.0,1.0,0.0,0.0,0.0,0.0,0,NORMAL,LOW,Normal
2026-04-03 00:09:37,0.0,0.0,0.0,1.0,0.0,0.0,0.0,0.0,0,NORMAL,LOW,Normal
2026-04-03 00:09:38,0.0,0.0,0.0,1.0,0.0,0.0,0.0,0.0,0,NORMAL,LOW,Normal
2026-04-03 00:09:39,0.0,0.0,0.0,1.0,0.0,0.0,0.0,0.0,0,NORMAL,LOW,Normal
2026-04-03 00:09:40,0.0,0.0,0.0,1.0,0.0,0.0,0.0,0.0,0,NORMAL,LOW,Normal
2026-04-03 00:09:41,0.0,0.0,0.0,1.0,0.0,0.0,0.0,0.0,0,NORMAL,LOW,Normal
2026-04-03 00:09:42,0.0,0.0,0.0,1.0,0.0,0.0,0.0,0.0,0,NORMAL,LOW,Normal
2026-04-03 00:09:43,0.0,0.0,0.0,1.0,0.0,0.0,0.0,0.0,0,NORMAL,LOW,Normal
2026-04-03 00:09:44,0.0,0.0,0.0,1.0,0.0,0.0,0.0,0.0,0,NORMAL,LOW,Normal
2026-04-03 00:09:45,0.0,0.0,0.0,1.0,0.0,0.0,0.0,0.0,0,NORMAL,LOW,Normal
2026-04-03 00:09:46,0.0,0.0,0.0,1.0,0.0,0.0,0.0,0.0,0,NORMAL,LOW,Normal
2026-04-03 00:09:47,0.0,0.0,0.0,1.0,0.0,0.0,0.0,0.0,0,NORMAL,LOW,Normal
2026-04-03 00:09:48,0.0,0.0,0.0,1.0,0.0,0.0,0.0,0.0,0,NORMAL,LOW,Normal
2026-04-03 00:09:49,1.33,1.2,1.33,1.0,0.13000000000000012,0.13000000000000012,0.9015777610818934,1.1074104912572857,0,NORMAL,LOW,Normal
2026-04-03 00:09:50,1.87,1.33,3.73,1.0,0.54,2.4,0.7108498129342598,2.802404207362885,1,LEAK_2_3,HIGH,LEAK_2_3
2026-04-03 00:09:51,0.13,0.0,0.13,1.0,0.13,0.13,0.0,130.0,0,NORMAL,LOW,Normal
2026-04-03 00:09:52,0.0,0.0,0.0,1.0,0.0,0.0,0.0,0.0,0,NORMAL,LOW,Normal
2026-04-03 00:09:53,0.13,0.13,0.13,1.0,0.0,0.0,0.9923664122137404,0.9923664122137404,0,NORMAL,LOW,Normal
2026-04-03 00:09:54,0.4,0.27,0.53,1.0,0.13,0.26,0.6733167082294265,1.955719557195572,0,NORMAL,LOW,Normal
2026-04-03 00:09:55,1.33,1.33,1.6,1.0,0.0,0.27,0.9992486851990985,1.2021036814425246,0,NORMAL,LOW,Normal
2026-04-03 00:09:56,1.33,1.07,1.33,1.0,0.26,0.26,0.8039068369646882,1.2418300653594772,0,NORMAL,LOW,Normal
2026-04-03 00:09:57,0.53,0.13,0.67,1.0,0.4,0.54,0.2448210922787194,5.114503816793893,0,NORMAL,MEDIUM,Imbalance
2026-04-03 00:09:58,0.0,0.0,0.0,1.0,0.0,0.0,0.0,0.0,0,NORMAL,LOW,Normal
2026-04-03 00:09:59,0.0,0.0,0.0,1.0,0.0,0.0,0.0,0.0,0,NORMAL,LOW,Normal
2026-04-03 00:10:00,0.0,0.0,0.0,1.0,0.0,0.0,0.0,0.0,0,NORMAL,LOW,Normal
2026-04-03 00:10:01,0.0,0.0,0.0,1.0,0.0,0.0,0.0,0.0,0,NORMAL,LOW,Normal
2026-04-03 00:10:02,0.0,0.0,0.0,1.0,0.0,0.0,0.0,0.0,0,NORMAL,LOW,Normal
2026-04-03 00:10:03,0.0,0.0,0.0,1.0,0.0,0.0,0.0,0.0,0,NORMAL,LOW,Normal
2026-04-03 00:10:04,0.0,0.0,0.0,1.0,0.0,0.0,0.0,0.0,0,NORMAL,LOW,Normal
2026-04-03 00:10:05,0.0,0.0,0.0,1.0,0.0,0.0,0.0,0.0,0,NORMAL,LOW,Normal
2026-04-03 00:10:06,0.0,0.0,0.0,1.0,0.0,0.0,0.0,0.0,0,NORMAL,LOW,Normal
2026-04-03 00:10:07,0.0,0.0,0.0,1.0,0.0,0.0,0.0,0.0,0,NORMAL,LOW,Normal
2026-04-03 00:10:08,0.0,0.0,0.0,1.0,0.0,0.0,0.0,0.0,0,NORMAL,LOW,Normal
2026-04-03 00:10:09,0.0,0.0,0.0,1.0,0.0,0.0,0.0,0.0,0,NORMAL,LOW,Normal
2026-04-03 00:10:10,0.0,0.0,0.27,1.0,0.0,0.27,0.0,270.0,0,NORMAL,LOW,Normal
2026-04-03 00:10:11,0.0,0.0,0.0,1.0,0.0,0.0,0.0,0.0,0,NORMAL,LOW,Normal
2026-04-03 00:10:12,0.0,0.0,0.0,1.0,0.0,0.0,0.0,0.0,0,NORMAL,LOW,Normal
2026-04-03 00:10:13,0.0,0.0,0.0,1.0,0.0,0.0,0.0,0.0,0,NORMAL,LOW,Normal
2026-04-03 00:10:14,0.0,0.0,0.0,1.0,0.0,0.0,0.0,0.0,0,NORMAL,LOW,Normal
2026-04-03 00:10:32,0.0,0.0,0.0,1.0,0.0,0.0,0.0,0.0,0,NORMAL,LOW,Normal
2026-04-03 00:10:33,0.0,0.0,0.0,1.0,0.0,0.0,0.0,0.0,0,NORMAL,LOW,Normal
2026-04-03 00:10:33,0.0,0.0,0.0,1.0,0.0,0.0,0.0,0.0,0,NORMAL,LOW,Normal
2026-04-03 00:10:35,0.0,0.0,0.0,1.0,0.0,0.0,0.0,0.0,0,NORMAL,LOW,Normal
2026-04-03 00:10:36,0.0,0.0,0.0,1.0,0.0,0.0,0.0,0.0,0,NORMAL,LOW,Normal
2026-04-03 00:10:36,0.0,0.0,0.0,1.0,0.0,0.0,0.0,0.0,0,NORMAL,LOW,Normal
2026-04-03 00:10:38,0.0,0.0,0.0,1.0,0.0,0.0,0.0,0.0,0,NORMAL,LOW,Normal
2026-04-03 00:10:39,0.0,0.0,0.0,1.0,0.0,0.0,0.0,0.0,0,NORMAL,LOW,Normal
2026-04-03 00:10:40,0.0,0.0,0.0,1.0,0.0,0.0,0.0,0.0,0,NORMAL,LOW,Normal
2026-04-03 00:10:41,0.0,0.0,0.0,1.0,0.0,0.0,0.0,0.0,0,NORMAL,LOW,Normal
2026-04-03 00:10:42,0.0,0.0,0.0,1.0,0.0,0.0,0.0,0.0,0,NORMAL,LOW,Normal
2026-04-03 00:10:43,1.33,0.0,0.0,1.0,1.33,0.0,0.0,0.0,1,LEAK_1_2,HIGH,LEAK_1_2
2026-04-03 00:10:44,2.8,2.67,0.67,1.0,0.1299999999999999,2.0,0.9532309889325242,0.2508423811306627,1,LEAK_2_3,HIGH,LEAK_2_3
2026-04-03 00:10:45,2.67,2.67,3.2,1.0,0.0,0.5300000000000002,0.9996256083863722,1.1980531636091354,0,NORMAL,MEDIUM,Imbalance
2026-04-03 00:10:46,2.67,2.67,3.2,1.0,0.0,0.5300000000000002,0.9996256083863722,1.1980531636091354,0,NORMAL,MEDIUM,Imbalance
2026-04-03 00:10:47,2.67,2.67,3.33,1.0,0.0,0.6600000000000001,0.9996256083863722,1.2467240733807563,0,NORMAL,MEDIUM,Imbalance
2026-04-03 00:10:48,2.67,2.67,3.33,1.0,0.0,0.6600000000000001,0.9996256083863722,1.2467240733807563,0,NORMAL,MEDIUM,Imbalance
2026-04-03 00:10:49,2.67,2.67,3.47,1.0,0.0,0.8000000000000003,0.9996256083863722,1.2991388992886561,0,NORMAL,MEDIUM,Imbalance
2026-04-03 00:10:50,2.67,2.67,3.33,1.0,0.0,0.6600000000000001,0.9996256083863722,1.2467240733807563,0,NORMAL,MEDIUM,Imbalance
2026-04-03 00:10:51,2.53,2.8,3.6,1.0,0.27,0.8000000000000003,1.1062821019359936,1.2852552659764371,0,NORMAL,MEDIUM,Imbalance
2026-04-03 00:10:52,2.67,2.8,3.47,1.0,0.1299999999999999,0.6700000000000004,1.0482965181579933,1.2388432702606214,0,NORMAL,MEDIUM,Imbalance
2026-04-03 00:10:53,2.8,2.8,3.6,1.0,0.0,0.8000000000000003,0.9996429846483399,1.2852552659764371,0,NORMAL,MEDIUM,Imbalance
2026-04-03 00:10:53,2.67,2.8,3.6,1.0,0.1299999999999999,0.8000000000000003,1.0482965181579933,1.2852552659764371,0,NORMAL,MEDIUM,Imbalance
2026-04-03 00:10:55,2.67,2.93,3.6,1.0,0.26000000000000023,0.6699999999999999,1.0969674279296144,1.2282497441146367,0,NORMAL,MEDIUM,Imbalance
2026-04-03 00:10:56,2.8,2.8,3.6,1.0,0.0,0.8000000000000003,0.9996429846483399,1.2852552659764371,0,NORMAL,MEDIUM,Imbalance
2026-04-03 00:10:57,2.8,2.8,3.6,1.0,0.0,0.8000000000000003,0.9996429846483399,1.2852552659764371,0,NORMAL,MEDIUM,Imbalance
2026-04-03 00:10:58,2.67,2.93,3.6,1.0,0.26000000000000023,0.6699999999999999,1.0969674279296144,1.2282497441146367,0,NORMAL,MEDIUM,Imbalance
2026-04-03 00:10:59,2.8,2.8,3.6,1.0,0.0,0.8000000000000003,0.9996429846483399,1.2852552659764371,0,NORMAL,MEDIUM,Imbalance
2026-04-03 00:11:00,2.8,2.8,3.73,1.0,0.0,0.9300000000000002,0.9996429846483399,1.331667261692253,1,LEAK_2_3,HIGH,LEAK_2_3
2026-04-03 00:11:01,2.8,2.67,3.6,1.0,0.1299999999999999,0.9300000000000002,0.9532309889325242,1.3478098090602773,1,LEAK_2_3,HIGH,LEAK_2_3
2026-04-03 00:11:02,2.8,2.67,3.73,1.0,0.1299999999999999,1.06,0.9532309889325242,1.3964807188318982,1,LEAK_2_3,HIGH,LEAK_2_3
2026-04-03 00:11:03,2.93,2.8,3.6,1.0,0.13000000000000034,0.8000000000000003,0.9553053565336062,1.2852552659764371,0,NORMAL,MEDIUM,Imbalance
2026-04-03 00:11:04,2.8,2.67,3.73,1.0,0.1299999999999999,1.06,0.9532309889325242,1.3964807188318982,1,LEAK_2_3,HIGH,LEAK_2_3
2026-04-03 00:11:05,2.8,2.8,3.73,1.0,0.0,0.9300000000000002,0.9996429846483399,1.331667261692253,1,LEAK_2_3,HIGH,LEAK_2_3
2026-04-03 00:11:06,2.8,2.67,3.73,1.0,0.1299999999999999,1.06,0.9532309889325242,1.3964807188318982,1,LEAK_2_3,HIGH,LEAK_2_3
2026-04-03 00:11:07,2.8,2.8,3.73,1.0,0.0,0.9300000000000002,0.9996429846483399,1.331667261692253,1,LEAK_2_3,HIGH,LEAK_2_3
2026-04-03 00:11:08,2.8,2.8,3.73,1.0,0.0,0.9300000000000002,0.9996429846483399,1.331667261692253,1,LEAK_2_3,HIGH,LEAK_2_3
2026-04-03 00:11:09,2.8,2.67,3.73,1.0,0.1299999999999999,1.06,0.9532309889325242,1.3964807188318982,1,LEAK_2_3,HIGH,LEAK_2_3
2026-04-03 00:11:10,2.93,2.8,3.87,1.0,0.13000000000000034,1.0700000000000003,0.9553053565336062,1.38164941092467,1,LEAK_2_3,HIGH,LEAK_2_3
2026-04-03 00:11:11,2.8,2.8,3.73,1.0,0.0,0.9300000000000002,0.9996429846483399,1.331667261692253,1,LEAK_2_3,HIGH,LEAK_2_3
2026-04-03 00:11:12,2.8,2.8,3.6,1.0,0.0,0.8000000000000003,0.9996429846483399,1.2852552659764371,0,NORMAL,MEDIUM,Imbalance
2026-04-03 00:11:13,2.93,2.8,3.87,1.0,0.13000000000000034,1.0700000000000003,0.9553053565336062,1.38164941092467,1,LEAK_2_3,HIGH,LEAK_2_3
2026-04-03 00:11:14,2.93,2.8,3.87,1.0,0.13000000000000034,1.0700000000000003,0.9553053565336062,1.38164941092467,1,LEAK_2_3,HIGH,LEAK_2_3
2026-04-03 00:11:15,2.8,2.67,3.87,1.0,0.1299999999999999,1.2000000000000002,0.9532309889325242,1.448895544739798,1,LEAK_2_3,HIGH,LEAK_2_3
2026-04-03 00:11:16,2.93,2.8,3.87,1.0,0.13000000000000034,1.0700000000000003,0.9553053565336062,1.38164941092467,1,LEAK_2_3,HIGH,LEAK_2_3
2026-04-03 00:11:17,2.8,2.8,3.6,1.0,0.0,0.8000000000000003,0.9996429846483399,1.2852552659764371,0,NORMAL,MEDIUM,Imbalance
2026-04-03 00:11:18,2.93,2.93,3.6,1.0,0.0,0.6699999999999999,0.9996588195155237,1.2282497441146367,0,NORMAL,MEDIUM,Imbalance
2026-04-03 00:11:19,2.93,2.93,3.87,1.0,0.0,0.94,0.9996588195155237,1.3203684749232345,1,LEAK_2_3,HIGH,LEAK_2_3
2026-04-03 00:11:20,2.8,2.8,3.87,1.0,0.0,1.0700000000000003,0.9996429846483399,1.38164941092467,1,LEAK_2_3,HIGH,LEAK_2_3
2026-04-03 00:11:21,2.93,2.8,3.87,1.0,0.13000000000000034,1.0700000000000003,0.9553053565336062,1.38164941092467,1,LEAK_2_3,HIGH,LEAK_2_3
2026-04-03 00:11:22,2.93,2.93,4.0,1.0,0.0,1.0699999999999998,0.9996588195155237,1.3647219379051518,1,LEAK_2_3,HIGH,LEAK_2_3
2026-04-03 00:11:23,2.93,2.8,3.87,1.0,0.13000000000000034,1.0700000000000003,0.9553053565336062,1.38164941092467,1,LEAK_2_3,HIGH,LEAK_2_3
2026-04-03 00:11:24,2.8,2.8,3.73,1.0,0.0,0.9300000000000002,0.9996429846483399,1.331667261692253,1,LEAK_2_3,HIGH,LEAK_2_3
2026-04-03 00:11:25,2.93,2.93,3.73,1.0,0.0,0.7999999999999998,0.9996588195155237,1.272603207096554,0,NORMAL,MEDIUM,Imbalance
2026-04-03 00:11:26,2.93,2.8,3.47,1.0,0.13000000000000034,0.6700000000000004,0.9553053565336062,1.2388432702606214,0,NORMAL,MEDIUM,Imbalance
2026-04-03 00:11:27,2.93,2.93,4.0,1.0,0.0,1.0699999999999998,0.9996588195155237,1.3647219379051518,1,LEAK_2_3,HIGH,LEAK_2_3
2026-04-03 00:11:28,2.93,2.93,4.0,1.0,0.0,1.0699999999999998,0.9996588195155237,1.3647219379051518,1,LEAK_2_3,HIGH,LEAK_2_3
2026-04-03 00:11:29,2.8,2.8,4.0,1.0,0.0,1.2000000000000002,0.9996429846483399,1.4280614066404858,1,LEAK_2_3,HIGH,LEAK_2_3
2026-04-03 00:11:30,2.93,2.93,4.0,1.0,0.0,1.0699999999999998,0.9996588195155237,1.3647219379051518,1,LEAK_2_3,HIGH,LEAK_2_3
2026-04-03 00:11:31,2.93,2.93,3.87,1.0,0.0,0.94,0.9996588195155237,1.3203684749232345,1,LEAK_2_3,HIGH,LEAK_2_3
2026-04-03 00:11:32,2.93,2.93,4.0,1.0,0.0,1.0699999999999998,0.9996588195155237,1.3647219379051518,1,LEAK_2_3,HIGH,LEAK_2_3
2026-04-03 00:11:33,2.93,2.8,3.87,1.0,0.13000000000000034,1.0700000000000003,0.9553053565336062,1.38164941092467,1,LEAK_2_3,HIGH,LEAK_2_3
2026-04-03 00:11:34,2.93,2.8,4.0,1.0,0.13000000000000034,1.2000000000000002,0.9553053565336062,1.4280614066404858,1,LEAK_2_3,HIGH,LEAK_2_3
2026-04-03 00:11:35,2.93,2.93,4.0,1.0,0.0,1.0699999999999998,0.9996588195155237,1.3647219379051518,1,LEAK_2_3,HIGH,LEAK_2_3
2026-04-03 00:11:36,3.07,2.93,3.73,1.0,0.13999999999999968,0.7999999999999998,0.9540866167372193,1.272603207096554,0,NORMAL,MEDIUM,Imbalance
2026-04-03 00:11:37,2.93,2.93,3.6,1.0,0.0,0.6699999999999999,0.9996588195155237,1.2282497441146367,0,NORMAL,MEDIUM,Imbalance
2026-04-03 00:11:38,2.93,2.93,4.0,1.0,0.0,1.0699999999999998,0.9996588195155237,1.3647219379051518,1,LEAK_2_3,HIGH,LEAK_2_3
2026-04-03 00:11:39,2.93,2.93,4.0,1.0,0.0,1.0699999999999998,0.9996588195155237,1.3647219379051518,1,LEAK_2_3,HIGH,LEAK_2_3
2026-04-03 00:11:40,2.93,2.8,4.0,1.0,0.13000000000000034,1.2000000000000002,0.9553053565336062,1.4280614066404858,1,LEAK_2_3,HIGH,LEAK_2_3
2026-04-03 00:11:41,2.93,2.93,4.0,1.0,0.0,1.0699999999999998,0.9996588195155237,1.3647219379051518,1,LEAK_2_3,HIGH,LEAK_2_3
2026-04-03 00:11:42,2.93,2.93,4.0,1.0,0.0,1.0699999999999998,0.9996588195155237,1.3647219379051518,1,LEAK_2_3,HIGH,LEAK_2_3
2026-04-03 00:11:43,3.07,2.93,4.0,1.0,0.13999999999999968,1.0699999999999998,0.9540866167372193,1.3647219379051518,1,LEAK_2_3,HIGH,LEAK_2_3
2026-04-03 00:11:44,2.93,2.93,4.0,1.0,0.0,1.0699999999999998,0.9996588195155237,1.3647219379051518,1,LEAK_2_3,HIGH,LEAK_2_3
2026-04-03 00:11:45,2.93,2.93,3.87,1.0,0.0,0.94,0.9996588195155237,1.3203684749232345,1,LEAK_2_3,HIGH,LEAK_2_3
2026-04-03 00:11:46,2.93,2.93,4.0,1.0,0.0,1.0699999999999998,0.9996588195155237,1.3647219379051518,1,LEAK_2_3,HIGH,LEAK_2_3
2026-04-03 00:11:47,2.93,2.8,4.0,1.0,0.13000000000000034,1.2000000000000002,0.9553053565336062,1.4280614066404858,1,LEAK_2_3,HIGH,LEAK_2_3
2026-04-03 00:11:48,2.93,2.93,4.0,1.0,0.0,1.0699999999999998,0.9996588195155237,1.3647219379051518,1,LEAK_2_3,HIGH,LEAK_2_3
2026-04-03 00:11:49,2.93,2.93,4.0,1.0,0.0,1.0699999999999998,0.9996588195155237,1.3647219379051518,1,LEAK_2_3,HIGH,LEAK_2_3
2026-04-03 00:11:50,3.07,2.93,4.0,1.0,0.13999999999999968,1.0699999999999998,0.9540866167372193,1.3647219379051518,1,LEAK_2_3,HIGH,LEAK_2_3
2026-04-03 00:11:51,2.93,2.8,4.0,1.0,0.13000000000000034,1.2000000000000002,0.9553053565336062,1.4280614066404858,1,LEAK_2_3,HIGH,LEAK_2_3
2026-04-03 00:11:52,2.93,2.93,4.0,1.0,0.0,1.0699999999999998,0.9996588195155237,1.3647219379051518,1,LEAK_2_3,HIGH,LEAK_2_3
2026-04-03 00:11:53,2.93,2.93,3.87,1.0,0.0,0.94,0.9996588195155237,1.3203684749232345,1,LEAK_2_3,HIGH,LEAK_2_3
2026-04-03 00:11:54,2.93,2.93,4.0,1.0,0.0,1.0699999999999998,0.9996588195155237,1.3647219379051518,1,LEAK_2_3,HIGH,LEAK_2_3
2026-04-03 00:11:55,3.07,2.93,4.0,1.0,0.13999999999999968,1.0699999999999998,0.9540866167372193,1.3647219379051518,1,LEAK_2_3,HIGH,LEAK_2_3
2026-04-03 00:11:56,2.93,2.93,4.0,1.0,0.0,1.0699999999999998,0.9996588195155237,1.3647219379051518,1,LEAK_2_3,HIGH,LEAK_2_3
2026-04-03 00:11:57,2.93,2.93,4.0,1.0,0.0,1.0699999999999998,0.9996588195155237,1.3647219379051518,1,LEAK_2_3,HIGH,LEAK_2_3
2026-04-03 00:11:58,3.07,2.93,4.0,1.0,0.13999999999999968,1.0699999999999998,0.9540866167372193,1.3647219379051518,1,LEAK_2_3,HIGH,LEAK_2_3
2026-04-03 00:11:59,2.93,2.93,4.13,1.0,0.0,1.1999999999999997,0.9996588195155237,1.4090754008870692,1,LEAK_2_3,HIGH,LEAK_2_3
2026-04-03 00:12:00,2.93,2.93,4.0,1.0,0.0,1.0699999999999998,0.9996588195155237,1.3647219379051518,1,LEAK_2_3,HIGH,LEAK_2_3
2026-04-03 00:12:01,3.07,2.93,4.0,1.0,0.13999999999999968,1.0699999999999998,0.9540866167372193,1.3647219379051518,1,LEAK_2_3,HIGH,LEAK_2_3
2026-04-03 00:12:02,2.93,2.8,4.0,1.0,0.13000000000000034,1.2000000000000002,0.9553053565336062,1.4280614066404858,1,LEAK_2_3,HIGH,LEAK_2_3
2026-04-03 00:12:03,3.07,2.93,4.0,1.0,0.13999999999999968,1.0699999999999998,0.9540866167372193,1.3647219379051518,1,LEAK_2_3,HIGH,LEAK_2_3
2026-04-03 00:12:04,2.93,2.93,4.0,1.0,0.0,1.0699999999999998,0.9996588195155237,1.3647219379051518,1,LEAK_2_3,HIGH,LEAK_2_3
2026-04-03 00:12:05,3.07,2.93,4.0,1.0,0.13999999999999968,1.0699999999999998,0.9540866167372193,1.3647219379051518,1,LEAK_2_3,HIGH,LEAK_2_3
2026-04-03 00:12:06,2.93,2.93,4.13,1.0,0.0,1.1999999999999997,0.9996588195155237,1.4090754008870692,1,LEAK_2_3,HIGH,LEAK_2_3
2026-04-03 00:12:07,2.93,2.93,4.0,1.0,0.0,1.0699999999999998,0.9996588195155237,1.3647219379051518,1,LEAK_2_3,HIGH,LEAK_2_3
2026-04-03 00:12:08,3.07,2.93,4.0,1.0,0.13999999999999968,1.0699999999999998,0.9540866167372193,1.3647219379051518,1,LEAK_2_3,HIGH,LEAK_2_3
2026-04-03 00:12:09,2.93,3.07,4.0,1.0,0.13999999999999968,0.9300000000000002,1.047424087342204,1.3025073266037122,1,LEAK_2_3,HIGH,LEAK_2_3
2026-04-03 00:12:10,3.07,2.93,4.0,1.0,0.13999999999999968,1.0699999999999998,0.9540866167372193,1.3647219379051518,1,LEAK_2_3,HIGH,LEAK_2_3
2026-04-03 00:12:11,2.93,2.8,4.0,1.0,0.13000000000000034,1.2000000000000002,0.9553053565336062,1.4280614066404858,1,LEAK_2_3,HIGH,LEAK_2_3
2026-04-03 00:12:12,3.07,2.93,4.0,1.0,0.13999999999999968,1.0699999999999998,0.9540866167372193,1.3647219379051518,1,LEAK_2_3,HIGH,LEAK_2_3
2026-04-03 00:12:13,2.93,2.93,4.0,1.0,0.0,1.0699999999999998,0.9996588195155237,1.3647219379051518,1,LEAK_2_3,HIGH,LEAK_2_3
2026-04-03 00:12:14,3.07,2.93,4.13,1.0,0.13999999999999968,1.1999999999999997,0.9540866167372193,1.4090754008870692,1,LEAK_2_3,HIGH,LEAK_2_3
2026-04-03 00:12:15,2.93,2.93,4.0,1.0,0.0,1.0699999999999998,0.9996588195155237,1.3647219379051518,1,LEAK_2_3,HIGH,LEAK_2_3
2026-04-03 00:12:16,3.07,2.93,4.0,1.0,0.13999999999999968,1.0699999999999998,0.9540866167372193,1.3647219379051518,1,LEAK_2_3,HIGH,LEAK_2_3
2026-04-03 00:12:17,2.93,2.93,4.0,1.0,0.0,1.0699999999999998,0.9996588195155237,1.3647219379051518,1,LEAK_2_3,HIGH,LEAK_2_3
2026-04-03 00:12:18,3.07,2.93,4.0,1.0,0.13999999999999968,1.0699999999999998,0.9540866167372193,1.3647219379051518,1,LEAK_2_3,HIGH,LEAK_2_3
2026-04-03 00:12:19,2.93,2.93,4.0,1.0,0.0,1.0699999999999998,0.9996588195155237,1.3647219379051518,1,LEAK_2_3,HIGH,LEAK_2_3
2026-04-03 00:12:20,3.07,2.93,4.0,1.0,0.13999999999999968,1.0699999999999998,0.9540866167372193,1.3647219379051518,1,LEAK_2_3,HIGH,LEAK_2_3
2026-04-03 00:12:21,2.93,2.93,4.0,1.0,0.0,1.0699999999999998,0.9996588195155237,1.3647219379051518,1,LEAK_2_3,HIGH,LEAK_2_3
2026-04-03 00:12:22,3.07,2.93,4.13,1.0,0.13999999999999968,1.1999999999999997,0.9540866167372193,1.4090754008870692,1,LEAK_2_3,HIGH,LEAK_2_3
2026-04-03 00:12:23,2.93,2.93,4.0,1.0,0.0,1.0699999999999998,0.9996588195155237,1.3647219379051518,1,LEAK_2_3,HIGH,LEAK_2_3
2026-04-03 00:12:24,3.07,2.93,4.0,1.0,0.13999999999999968,1.0699999999999998,0.9540866167372193,1.3647219379051518,1,LEAK_2_3,HIGH,LEAK_2_3
2026-04-03 00:12:25,3.07,2.93,4.0,1.0,0.13999999999999968,1.0699999999999998,0.9540866167372193,1.3647219379051518,1,LEAK_2_3,HIGH,LEAK_2_3
2026-04-03 00:12:26,2.93,2.93,4.0,1.0,0.0,1.0699999999999998,0.9996588195155237,1.3647219379051518,1,LEAK_2_3,HIGH,LEAK_2_3
2026-04-03 00:12:27,3.07,2.93,4.0,1.0,0.13999999999999968,1.0699999999999998,0.9540866167372193,1.3647219379051518,1,LEAK_2_3,HIGH,LEAK_2_3
2026-04-03 00:12:28,2.93,2.8,4.0,1.0,0.13000000000000034,1.2000000000000002,0.9553053565336062,1.4280614066404858,1,LEAK_2_3,HIGH,LEAK_2_3
2026-04-03 00:12:29,3.07,2.93,4.0,1.0,0.13999999999999968,1.0699999999999998,0.9540866167372193,1.3647219379051518,1,LEAK_2_3,HIGH,LEAK_2_3
2026-04-03 00:12:30,3.07,2.93,4.0,1.0,0.13999999999999968,1.0699999999999998,0.9540866167372193,1.3647219379051518,1,LEAK_2_3,HIGH,LEAK_2_3
2026-04-03 00:12:31,2.93,3.07,4.13,1.0,0.13999999999999968,1.06,1.047424087342204,1.3448388147183328,1,LEAK_2_3,HIGH,LEAK_2_3
2026-04-03 00:12:32,3.07,2.93,4.0,1.0,0.13999999999999968,1.0699999999999998,0.9540866167372193,1.3647219379051518,1,LEAK_2_3,HIGH,LEAK_2_3
2026-04-03 00:12:33,3.07,2.93,4.0,1.0,0.13999999999999968,1.0699999999999998,0.9540866167372193,1.3647219379051518,1,LEAK_2_3,HIGH,LEAK_2_3
2026-04-03 00:12:34,2.93,2.93,4.0,1.0,0.0,1.0699999999999998,0.9996588195155237,1.3647219379051518,1,LEAK_2_3,HIGH,LEAK_2_3
2026-04-03 00:12:35,3.07,2.93,4.0,1.0,0.13999999999999968,1.0699999999999998,0.9540866167372193,1.3647219379051518,1,LEAK_2_3,HIGH,LEAK_2_3
2026-04-03 00:12:36,3.07,2.8,4.13,1.0,0.27,1.33,0.9117551286225986,1.4744734023563015,1,LEAK_2_3,HIGH,LEAK_2_3
2026-04-03 00:12:37,2.93,2.93,3.87,1.0,0.0,0.94,0.9996588195155237,1.3203684749232345,1,LEAK_2_3,HIGH,LEAK_2_3
2026-04-03 00:12:38,3.07,3.07,3.6,1.0,0.0,0.5300000000000002,0.9996743731683491,1.1722565939433411,0,NORMAL,MEDIUM,Imbalance
2026-04-03 00:12:39,3.07,2.93,4.0,1.0,0.13999999999999968,1.0699999999999998,0.9540866167372193,1.3647219379051518,1,LEAK_2_3,HIGH,LEAK_2_3
2026-04-03 00:12:40,2.93,2.93,4.0,1.0,0.0,1.0699999999999998,0.9996588195155237,1.3647219379051518,1,LEAK_2_3,HIGH,LEAK_2_3
2026-04-03 00:12:41,3.07,2.93,4.13,1.0,0.13999999999999968,1.1999999999999997,0.9540866167372193,1.4090754008870692,1,LEAK_2_3,HIGH,LEAK_2_3
2026-04-03 00:12:42,3.07,3.07,4.13,1.0,0.0,1.06,0.9996743731683491,1.3448388147183328,1,LEAK_2_3,HIGH,LEAK_2_3
2026-04-03 00:12:43,3.07,2.93,4.13,1.0,0.13999999999999968,1.1999999999999997,0.9540866167372193,1.4090754008870692,1,LEAK_2_3,HIGH,LEAK_2_3
2026-04-03 00:12:44,3.07,2.93,4.0,1.0,0.13999999999999968,1.0699999999999998,0.9540866167372193,1.3647219379051518,1,LEAK_2_3,HIGH,LEAK_2_3
2026-04-03 00:12:45,3.07,2.93,4.13,1.0,0.13999999999999968,1.1999999999999997,0.9540866167372193,1.4090754008870692,1,LEAK_2_3,HIGH,LEAK_2_3
2026-04-03 00:12:46,2.93,3.07,4.13,1.0,0.13999999999999968,1.06,1.047424087342204,1.3448388147183328,1,LEAK_2_3,HIGH,LEAK_2_3
2026-04-03 00:12:47,3.07,2.93,4.0,1.0,0.13999999999999968,1.0699999999999998,0.9540866167372193,1.3647219379051518,1,LEAK_2_3,HIGH,LEAK_2_3
2026-04-03 00:12:48,3.07,2.93,4.13,1.0,0.13999999999999968,1.1999999999999997,0.9540866167372193,1.4090754008870692,1,LEAK_2_3,HIGH,LEAK_2_3
2026-04-03 00:12:49,3.07,2.93,4.0,1.0,0.13999999999999968,1.0699999999999998,0.9540866167372193,1.3647219379051518,1,LEAK_2_3,HIGH,LEAK_2_3
2026-04-03 00:12:50,3.07,2.93,4.13,1.0,0.13999999999999968,1.1999999999999997,0.9540866167372193,1.4090754008870692,1,LEAK_2_3,HIGH,LEAK_2_3
2026-04-03 00:12:51,2.93,2.93,4.0,1.0,0.0,1.0699999999999998,0.9996588195155237,1.3647219379051518,1,LEAK_2_3,HIGH,LEAK_2_3
2026-04-03 00:12:52,3.07,2.93,4.13,1.0,0.13999999999999968,1.1999999999999997,0.9540866167372193,1.4090754008870692,1,LEAK_2_3,HIGH,LEAK_2_3
2026-04-03 00:12:53,3.07,2.93,4.13,1.0,0.13999999999999968,1.1999999999999997,0.9540866167372193,1.4090754008870692,1,LEAK_2_3,HIGH,LEAK_2_3
2026-04-03 00:12:54,3.07,3.07,4.0,1.0,0.0,0.9300000000000002,0.9996743731683491,1.3025073266037122,1,LEAK_2_3,HIGH,LEAK_2_3
2026-04-03 00:12:55,3.07,2.93,4.13,1.0,0.13999999999999968,1.1999999999999997,0.9540866167372193,1.4090754008870692,1,LEAK_2_3,HIGH,LEAK_2_3
2026-04-03 00:12:56,3.07,2.93,4.13,1.0,0.13999999999999968,1.1999999999999997,0.9540866167372193,1.4090754008870692,1,LEAK_2_3,HIGH,LEAK_2_3
2026-04-03 00:12:57,3.07,2.93,4.0,1.0,0.13999999999999968,1.0699999999999998,0.9540866167372193,1.3647219379051518,1,LEAK_2_3,HIGH,LEAK_2_3
2026-04-03 00:12:58,3.07,3.07,4.13,1.0,0.0,1.06,0.9996743731683491,1.3448388147183328,1,LEAK_2_3,HIGH,LEAK_2_3
2026-04-03 00:12:59,2.93,2.93,4.13,1.0,0.0,1.1999999999999997,0.9996588195155237,1.4090754008870692,1,LEAK_2_3,HIGH,LEAK_2_3
2026-04-03 00:13:00,3.07,2.93,4.0,1.0,0.13999999999999968,1.0699999999999998,0.9540866167372193,1.3647219379051518,1,LEAK_2_3,HIGH,LEAK_2_3
2026-04-03 00:13:01,2.93,3.07,4.13,1.0,0.13999999999999968,1.06,1.047424087342204,1.3448388147183328,1,LEAK_2_3,HIGH,LEAK_2_3
2026-04-03 00:13:02,3.07,2.93,4.13,1.0,0.13999999999999968,1.1999999999999997,0.9540866167372193,1.4090754008870692,1,LEAK_2_3,HIGH,LEAK_2_3
2026-04-03 00:13:03,3.07,2.93,4.0,1.0,0.13999999999999968,1.0699999999999998,0.9540866167372193,1.3647219379051518,1,LEAK_2_3,HIGH,LEAK_2_3
2026-04-03 00:13:04,3.07,2.93,4.13,1.0,0.13999999999999968,1.1999999999999997,0.9540866167372193,1.4090754008870692,1,LEAK_2_3,HIGH,LEAK_2_3
2026-04-03 00:13:05,3.07,3.07,4.0,1.0,0.0,0.9300000000000002,0.9996743731683491,1.3025073266037122,1,LEAK_2_3,HIGH,LEAK_2_3
2026-04-03 00:13:06,3.07,2.93,4.13,1.0,0.13999999999999968,1.1999999999999997,0.9540866167372193,1.4090754008870692,1,LEAK_2_3,HIGH,LEAK_2_3
2026-04-03 00:13:07,3.07,2.93,4.13,1.0,0.13999999999999968,1.1999999999999997,0.9540866167372193,1.4090754008870692,1,LEAK_2_3,HIGH,LEAK_2_3
2026-04-03 00:13:08,3.07,3.07,4.0,1.0,0.0,0.9300000000000002,0.9996743731683491,1.3025073266037122,1,LEAK_2_3,HIGH,LEAK_2_3
2026-04-03 00:13:09,3.07,2.93,4.13,1.0,0.13999999999999968,1.1999999999999997,0.9540866167372193,1.4090754008870692,1,LEAK_2_3,HIGH,LEAK_2_3
2026-04-03 00:13:10,3.07,3.07,4.0,1.0,0.0,0.9300000000000002,0.9996743731683491,1.3025073266037122,1,LEAK_2_3,HIGH,LEAK_2_3
2026-04-03 00:13:11,3.07,2.8,4.13,1.0,0.27,1.33,0.9117551286225986,1.4744734023563015,1,LEAK_2_3,HIGH,LEAK_2_3
2026-04-03 00:13:12,3.07,2.93,4.13,1.0,0.13999999999999968,1.1999999999999997,0.9540866167372193,1.4090754008870692,1,LEAK_2_3,HIGH,LEAK_2_3
2026-04-03 00:13:13,3.07,3.07,4.0,1.0,0.0,0.9300000000000002,0.9996743731683491,1.3025073266037122,1,LEAK_2_3,HIGH,LEAK_2_3
2026-04-03 00:13:14,3.07,2.93,3.87,1.0,0.13999999999999968,0.94,0.9540866167372193,1.3203684749232345,1,LEAK_2_3,HIGH,LEAK_2_3
2026-04-03 00:13:15,2.93,3.07,4.13,1.0,0.13999999999999968,1.06,1.047424087342204,1.3448388147183328,1,LEAK_2_3,HIGH,LEAK_2_3
2026-04-03 00:13:16,3.07,2.93,4.0,1.0,0.13999999999999968,1.0699999999999998,0.9540866167372193,1.3647219379051518,1,LEAK_2_3,HIGH,LEAK_2_3
2026-04-03 00:13:17,3.07,2.93,4.13,1.0,0.13999999999999968,1.1999999999999997,0.9540866167372193,1.4090754008870692,1,LEAK_2_3,HIGH,LEAK_2_3
2026-04-03 00:13:18,3.07,3.07,4.13,1.0,0.0,1.06,0.9996743731683491,1.3448388147183328,1,LEAK_2_3,HIGH,LEAK_2_3
2026-04-03 00:13:19,3.07,2.93,4.0,1.0,0.13999999999999968,1.0699999999999998,0.9540866167372193,1.3647219379051518,1,LEAK_2_3,HIGH,LEAK_2_3
2026-04-03 00:13:20,3.07,3.07,4.13,1.0,0.0,1.06,0.9996743731683491,1.3448388147183328,1,LEAK_2_3,HIGH,LEAK_2_3
2026-04-03 00:13:21,3.07,2.93,4.13,1.0,0.13999999999999968,1.1999999999999997,0.9540866167372193,1.4090754008870692,1,LEAK_2_3,HIGH,LEAK_2_3
2026-04-03 00:13:22,2.93,2.93,4.0,1.0,0.0,1.0699999999999998,0.9996588195155237,1.3647219379051518,1,LEAK_2_3,HIGH,LEAK_2_3
2026-04-03 00:13:23,3.07,3.07,4.13,1.0,0.0,1.06,0.9996743731683491,1.3448388147183328,1,LEAK_2_3,HIGH,LEAK_2_3
2026-04-03 00:13:24,3.07,2.93,4.13,1.0,0.13999999999999968,1.1999999999999997,0.9540866167372193,1.4090754008870692,1,LEAK_2_3,HIGH,LEAK_2_3
2026-04-03 00:13:25,3.07,2.93,4.13,1.0,0.13999999999999968,1.1999999999999997,0.9540866167372193,1.4090754008870692,1,LEAK_2_3,HIGH,LEAK_2_3
2026-04-03 00:13:26,3.07,3.07,4.13,1.0,0.0,1.06,0.9996743731683491,1.3448388147183328,1,LEAK_2_3,HIGH,LEAK_2_3
2026-04-03 00:13:27,3.07,2.93,4.0,1.0,0.13999999999999968,1.0699999999999998,0.9540866167372193,1.3647219379051518,1,LEAK_2_3,HIGH,LEAK_2_3
2026-04-03 00:13:28,3.07,3.07,4.13,1.0,0.0,1.06,0.9996743731683491,1.3448388147183328,1,LEAK_2_3,HIGH,LEAK_2_3
2026-04-03 00:13:29,3.07,2.93,4.13,1.0,0.13999999999999968,1.1999999999999997,0.9540866167372193,1.4090754008870692,1,LEAK_2_3,HIGH,LEAK_2_3
2026-04-03 00:13:30,3.07,3.07,4.13,1.0,0.0,1.06,0.9996743731683491,1.3448388147183328,1,LEAK_2_3,HIGH,LEAK_2_3
2026-04-03 00:13:31,3.07,2.93,4.13,1.0,0.13999999999999968,1.1999999999999997,0.9540866167372193,1.4090754008870692,1,LEAK_2_3,HIGH,LEAK_2_3
2026-04-03 00:13:32,3.07,3.07,4.0,1.0,0.0,0.9300000000000002,0.9996743731683491,1.3025073266037122,1,LEAK_2_3,HIGH,LEAK_2_3
2026-04-03 00:13:33,3.07,2.93,4.13,1.0,0.13999999999999968,1.1999999999999997,0.9540866167372193,1.4090754008870692,1,LEAK_2_3,HIGH,LEAK_2_3
2026-04-03 00:13:34,3.07,3.07,4.13,1.0,0.0,1.06,0.9996743731683491,1.3448388147183328,1,LEAK_2_3,HIGH,LEAK_2_3
2026-04-03 00:13:35,3.07,3.07,4.13,1.0,0.0,1.06,0.9996743731683491,1.3448388147183328,1,LEAK_2_3,HIGH,LEAK_2_3
2026-04-03 00:13:36,3.07,2.93,4.13,1.0,0.13999999999999968,1.1999999999999997,0.9540866167372193,1.4090754008870692,1,LEAK_2_3,HIGH,LEAK_2_3
2026-04-03 00:13:37,3.07,3.07,4.13,1.0,0.0,1.06,0.9996743731683491,1.3448388147183328,1,LEAK_2_3,HIGH,LEAK_2_3
2026-04-03 00:13:38,2.67,2.67,3.47,1.0,0.0,0.8000000000000003,0.9996256083863722,1.2991388992886561,0,NORMAL,MEDIUM,Imbalance
2026-04-03 00:13:39,2.8,2.53,3.33,1.0,0.27,0.8000000000000003,0.9032488397001072,1.3156854998024499,0,NORMAL,MEDIUM,Imbalance
2026-04-03 00:13:40,2.67,2.53,3.07,1.0,0.14000000000000012,0.54,0.9472107824784725,1.2129593046226788,0,NORMAL,MEDIUM,Imbalance
2026-04-03 00:13:41,2.8,2.67,3.47,1.0,0.1299999999999999,0.8000000000000003,0.9532309889325242,1.2991388992886561,0,NORMAL,MEDIUM,Imbalance
2026-04-03 00:13:42,2.67,2.67,3.2,1.0,0.0,0.5300000000000002,0.9996256083863722,1.1980531636091354,0,NORMAL,MEDIUM,Imbalance
2026-04-03 00:13:43,2.8,2.67,3.33,1.0,0.1299999999999999,0.6600000000000001,0.9532309889325242,1.2467240733807563,0,NORMAL,MEDIUM,Imbalance
2026-04-03 00:13:44,2.8,2.53,3.47,1.0,0.27,0.9400000000000004,0.9032488397001072,1.3709996048992497,1,LEAK_2_3,HIGH,LEAK_2_3
2026-04-03 00:13:45,2.67,2.67,3.33,1.0,0.0,0.6600000000000001,0.9996256083863722,1.2467240733807563,0,NORMAL,MEDIUM,Imbalance
2026-04-03 00:13:46,2.8,2.67,3.6,1.0,0.1299999999999999,0.9300000000000002,0.9532309889325242,1.3478098090602773,1,LEAK_2_3,HIGH,LEAK_2_3
2026-04-03 00:13:47,2.67,2.67,3.47,1.0,0.0,0.8000000000000003,0.9996256083863722,1.2991388992886561,0,NORMAL,MEDIUM,Imbalance
2026-04-03 00:13:48,2.8,2.67,3.6,1.0,0.1299999999999999,0.9300000000000002,0.9532309889325242,1.3478098090602773,1,LEAK_2_3,HIGH,LEAK_2_3
2026-04-03 00:13:49,2.8,2.67,3.73,1.0,0.1299999999999999,1.06,0.9532309889325242,1.3964807188318982,1,LEAK_2_3,HIGH,LEAK_2_3
2026-04-03 00:13:50,2.8,2.67,3.6,1.0,0.1299999999999999,0.9300000000000002,0.9532309889325242,1.3478098090602773,1,LEAK_2_3,HIGH,LEAK_2_3
2026-04-03 00:13:51,2.67,2.53,3.47,1.0,0.14000000000000012,0.9400000000000004,0.9472107824784725,1.3709996048992497,1,LEAK_2_3,HIGH,LEAK_2_3
2026-04-03 00:13:52,2.8,2.67,3.6,1.0,0.1299999999999999,0.9300000000000002,0.9532309889325242,1.3478098090602773,1,LEAK_2_3,HIGH,LEAK_2_3
2026-04-03 00:13:53,2.8,2.67,3.6,1.0,0.1299999999999999,0.9300000000000002,0.9532309889325242,1.3478098090602773,1,LEAK_2_3,HIGH,LEAK_2_3
2026-04-03 00:13:54,2.8,2.67,3.6,1.0,0.1299999999999999,0.9300000000000002,0.9532309889325242,1.3478098090602773,1,LEAK_2_3,HIGH,LEAK_2_3
2026-04-03 00:13:55,2.8,2.67,3.6,1.0,0.1299999999999999,0.9300000000000002,0.9532309889325242,1.3478098090602773,1,LEAK_2_3,HIGH,LEAK_2_3
2026-04-03 00:13:56,2.67,2.67,3.6,1.0,0.0,0.9300000000000002,0.9996256083863722,1.3478098090602773,1,LEAK_2_3,HIGH,LEAK_2_3
2026-04-03 00:13:57,2.8,2.67,3.6,1.0,0.1299999999999999,0.9300000000000002,0.9532309889325242,1.3478098090602773,1,LEAK_2_3,HIGH,LEAK_2_3
2026-04-03 00:13:58,2.8,2.67,3.6,1.0,0.1299999999999999,0.9300000000000002,0.9532309889325242,1.3478098090602773,1,LEAK_2_3,HIGH,LEAK_2_3
2026-04-03 00:13:59,2.8,2.67,3.6,1.0,0.1299999999999999,0.9300000000000002,0.9532309889325242,1.3478098090602773,1,LEAK_2_3,HIGH,LEAK_2_3
2026-04-03 00:14:00,2.8,2.67,3.6,1.0,0.1299999999999999,0.9300000000000002,0.9532309889325242,1.3478098090602773,1,LEAK_2_3,HIGH,LEAK_2_3
2026-04-03 00:14:01,2.67,2.53,3.73,1.0,0.14000000000000012,1.2000000000000002,0.9472107824784725,1.4737258000790203,1,LEAK_2_3,HIGH,LEAK_2_3
2026-04-03 00:14:02,2.8,2.67,3.6,1.0,0.1299999999999999,0.9300000000000002,0.9532309889325242,1.3478098090602773,1,LEAK_2_3,HIGH,LEAK_2_3
2026-04-03 00:14:03,2.8,2.67,3.6,1.0,0.1299999999999999,0.9300000000000002,0.9532309889325242,1.3478098090602773,1,LEAK_2_3,HIGH,LEAK_2_3
2026-04-03 00:14:04,2.8,2.67,3.6,1.0,0.1299999999999999,0.9300000000000002,0.9532309889325242,1.3478098090602773,1,LEAK_2_3,HIGH,LEAK_2_3
2026-04-03 00:14:05,2.8,2.67,3.6,1.0,0.1299999999999999,0.9300000000000002,0.9532309889325242,1.3478098090602773,1,LEAK_2_3,HIGH,LEAK_2_3
2026-04-03 00:14:06,2.67,2.67,3.6,1.0,0.0,0.9300000000000002,0.9996256083863722,1.3478098090602773,1,LEAK_2_3,HIGH,LEAK_2_3
2026-04-03 00:14:07,2.8,2.67,3.6,1.0,0.1299999999999999,0.9300000000000002,0.9532309889325242,1.3478098090602773,1,LEAK_2_3,HIGH,LEAK_2_3
2026-04-03 00:14:08,2.8,2.67,3.6,1.0,0.1299999999999999,0.9300000000000002,0.9532309889325242,1.3478098090602773,1,LEAK_2_3,HIGH,LEAK_2_3
2026-04-03 00:14:09,2.8,2.67,3.6,1.0,0.1299999999999999,0.9300000000000002,0.9532309889325242,1.3478098090602773,1,LEAK_2_3,HIGH,LEAK_2_3
2026-04-03 00:14:10,2.67,2.67,3.6,1.0,0.0,0.9300000000000002,0.9996256083863722,1.3478098090602773,1,LEAK_2_3,HIGH,LEAK_2_3
2026-04-03 00:14:11,2.8,2.67,3.6,1.0,0.1299999999999999,0.9300000000000002,0.9532309889325242,1.3478098090602773,1,LEAK_2_3,HIGH,LEAK_2_3
2026-04-03 00:14:12,2.8,2.67,3.6,1.0,0.1299999999999999,0.9300000000000002,0.9532309889325242,1.3478098090602773,1,LEAK_2_3,HIGH,LEAK_2_3
2026-04-03 00:14:13,2.8,2.67,3.6,1.0,0.1299999999999999,0.9300000000000002,0.9532309889325242,1.3478098090602773,1,LEAK_2_3,HIGH,LEAK_2_3
2026-04-03 00:14:14,2.8,2.67,3.6,1.0,0.1299999999999999,0.9300000000000002,0.9532309889325242,1.3478098090602773,1,LEAK_2_3,HIGH,LEAK_2_3
2026-04-03 00:14:15,2.67,2.67,3.73,1.0,0.0,1.06,0.9996256083863722,1.3964807188318982,1,LEAK_2_3,HIGH,LEAK_2_3
2026-04-03 00:14:16,2.8,2.67,3.6,1.0,0.1299999999999999,0.9300000000000002,0.9532309889325242,1.3478098090602773,1,LEAK_2_3,HIGH,LEAK_2_3
2026-04-03 00:14:17,2.8,2.8,3.73,1.0,0.0,0.9300000000000002,0.9996429846483399,1.331667261692253,1,LEAK_2_3,HIGH,LEAK_2_3
2026-04-03 00:14:18,2.8,2.67,3.6,1.0,0.1299999999999999,0.9300000000000002,0.9532309889325242,1.3478098090602773,1,LEAK_2_3,HIGH,LEAK_2_3
2026-04-03 00:14:19,2.8,2.67,3.73,1.0,0.1299999999999999,1.06,0.9532309889325242,1.3964807188318982,1,LEAK_2_3,HIGH,LEAK_2_3
2026-04-03 00:14:20,2.8,2.67,3.73,1.0,0.1299999999999999,1.06,0.9532309889325242,1.3964807188318982,1,LEAK_2_3,HIGH,LEAK_2_3
2026-04-03 00:14:21,2.93,2.67,3.6,1.0,0.26000000000000023,0.9300000000000002,0.9109518935516888,1.3478098090602773,1,LEAK_2_3,HIGH,LEAK_2_3
2026-04-03 00:14:22,2.8,2.67,3.73,1.0,0.1299999999999999,1.06,0.9532309889325242,1.3964807188318982,1,LEAK_2_3,HIGH,LEAK_2_3
2026-04-03 00:14:23,2.67,2.67,3.73,1.0,0.0,1.06,0.9996256083863722,1.3964807188318982,1,LEAK_2_3,HIGH,LEAK_2_3
2026-04-03 00:14:24,2.8,2.67,3.73,1.0,0.1299999999999999,1.06,0.9532309889325242,1.3964807188318982,1,LEAK_2_3,HIGH,LEAK_2_3
2026-04-03 00:14:25,2.93,2.67,3.6,1.0,0.26000000000000023,0.9300000000000002,0.9109518935516888,1.3478098090602773,1,LEAK_2_3,HIGH,LEAK_2_3
2026-04-03 00:14:26,2.8,2.8,3.6,1.0,0.0,0.8000000000000003,0.9996429846483399,1.2852552659764371,0,NORMAL,MEDIUM,Imbalance
2026-04-03 00:14:27,2.8,2.67,3.73,1.0,0.1299999999999999,1.06,0.9532309889325242,1.3964807188318982,1,LEAK_2_3,HIGH,LEAK_2_3
2026-04-03 00:14:28,2.8,2.67,3.73,1.0,0.1299999999999999,1.06,0.9532309889325242,1.3964807188318982,1,LEAK_2_3,HIGH,LEAK_2_3
2026-04-03 00:14:29,2.8,2.67,3.6,1.0,0.1299999999999999,0.9300000000000002,0.9532309889325242,1.3478098090602773,1,LEAK_2_3,HIGH,LEAK_2_3
2026-04-03 00:14:30,2.8,2.67,3.73,1.0,0.1299999999999999,1.06,0.9532309889325242,1.3964807188318982,1,LEAK_2_3,HIGH,LEAK_2_3
2026-04-03 00:14:31,2.8,2.67,3.6,1.0,0.1299999999999999,0.9300000000000002,0.9532309889325242,1.3478098090602773,1,LEAK_2_3,HIGH,LEAK_2_3
2026-04-03 00:14:32,2.8,2.67,3.73,1.0,0.1299999999999999,1.06,0.9532309889325242,1.3964807188318982,1,LEAK_2_3,HIGH,LEAK_2_3
2026-04-03 00:14:33,2.8,2.67,3.73,1.0,0.1299999999999999,1.06,0.9532309889325242,1.3964807188318982,1,LEAK_2_3,HIGH,LEAK_2_3
2026-04-03 00:14:34,2.8,2.67,3.73,1.0,0.1299999999999999,1.06,0.9532309889325242,1.3964807188318982,1,LEAK_2_3,HIGH,LEAK_2_3
2026-04-03 00:14:35,2.8,2.8,3.73,1.0,0.0,0.9300000000000002,0.9996429846483399,1.331667261692253,1,LEAK_2_3,HIGH,LEAK_2_3
2026-04-03 00:14:36,2.8,2.67,3.6,1.0,0.1299999999999999,0.9300000000000002,0.9532309889325242,1.3478098090602773,1,LEAK_2_3,HIGH,LEAK_2_3
2026-04-03 00:14:37,2.8,2.67,3.73,1.0,0.1299999999999999,1.06,0.9532309889325242,1.3964807188318982,1,LEAK_2_3,HIGH,LEAK_2_3
2026-04-03 00:14:38,2.8,2.67,3.73,1.0,0.1299999999999999,1.06,0.9532309889325242,1.3964807188318982,1,LEAK_2_3,HIGH,LEAK_2_3
2026-04-03 00:14:39,2.8,2.67,3.73,1.0,0.1299999999999999,1.06,0.9532309889325242,1.3964807188318982,1,LEAK_2_3,HIGH,LEAK_2_3
2026-04-03 00:14:40,2.8,2.67,3.73,1.0,0.1299999999999999,1.06,0.9532309889325242,1.3964807188318982,1,LEAK_2_3,HIGH,LEAK_2_3
2026-04-03 00:14:41,2.8,2.67,3.6,1.0,0.1299999999999999,0.9300000000000002,0.9532309889325242,1.3478098090602773,1,LEAK_2_3,HIGH,LEAK_2_3
2026-04-03 00:14:42,2.8,2.67,3.73,1.0,0.1299999999999999,1.06,0.9532309889325242,1.3964807188318982,1,LEAK_2_3,HIGH,LEAK_2_3
2026-04-03 00:14:43,2.8,2.8,3.73,1.0,0.0,0.9300000000000002,0.9996429846483399,1.331667261692253,1,LEAK_2_3,HIGH,LEAK_2_3
2026-04-03 00:14:44,2.8,2.67,3.73,1.0,0.1299999999999999,1.06,0.9532309889325242,1.3964807188318982,1,LEAK_2_3,HIGH,LEAK_2_3
2026-04-03 00:14:45,2.8,2.67,3.6,1.0,0.1299999999999999,0.9300000000000002,0.9532309889325242,1.3478098090602773,1,LEAK_2_3,HIGH,LEAK_2_3
2026-04-03 00:14:46,2.93,2.67,3.73,1.0,0.26000000000000023,1.06,0.9109518935516888,1.3964807188318982,1,LEAK_2_3,HIGH,LEAK_2_3
2026-04-03 00:14:47,2.8,2.67,3.73,1.0,0.1299999999999999,1.06,0.9532309889325242,1.3964807188318982,1,LEAK_2_3,HIGH,LEAK_2_3
2026-04-03 00:14:48,2.8,2.67,3.73,1.0,0.1299999999999999,1.06,0.9532309889325242,1.3964807188318982,1,LEAK_2_3,HIGH,LEAK_2_3
2026-04-03 00:14:49,2.8,2.8,3.73,1.0,0.0,0.9300000000000002,0.9996429846483399,1.331667261692253,1,LEAK_2_3,HIGH,LEAK_2_3
2026-04-03 00:14:50,2.8,2.67,3.6,1.0,0.1299999999999999,0.9300000000000002,0.9532309889325242,1.3478098090602773,1,LEAK_2_3,HIGH,LEAK_2_3
2026-04-03 00:14:51,2.8,2.67,3.73,1.0,0.1299999999999999,1.06,0.9532309889325242,1.3964807188318982,1,LEAK_2_3,HIGH,LEAK_2_3
2026-04-03 00:14:52,2.8,2.8,3.73,1.0,0.0,0.9300000000000002,0.9996429846483399,1.331667261692253,1,LEAK_2_3,HIGH,LEAK_2_3
2026-04-03 00:14:53,2.8,2.67,3.73,1.0,0.1299999999999999,1.06,0.9532309889325242,1.3964807188318982,1,LEAK_2_3,HIGH,LEAK_2_3
2026-04-03 00:14:54,2.93,2.67,3.73,1.0,0.26000000000000023,1.06,0.9109518935516888,1.3964807188318982,1,LEAK_2_3,HIGH,LEAK_2_3
2026-04-03 00:14:55,2.8,2.67,3.6,1.0,0.1299999999999999,0.9300000000000002,0.9532309889325242,1.3478098090602773,1,LEAK_2_3,HIGH,LEAK_2_3
2026-04-03 00:14:56,2.8,2.8,3.73,1.0,0.0,0.9300000000000002,0.9996429846483399,1.331667261692253,1,LEAK_2_3,HIGH,LEAK_2_3
2026-04-03 00:14:57,2.8,2.67,3.73,1.0,0.1299999999999999,1.06,0.9532309889325242,1.3964807188318982,1,LEAK_2_3,HIGH,LEAK_2_3
2026-04-03 00:14:58,2.8,2.67,3.6,1.0,0.1299999999999999,0.9300000000000002,0.9532309889325242,1.3478098090602773,1,LEAK_2_3,HIGH,LEAK_2_3
2026-04-03 00:14:59,2.8,2.67,3.73,1.0,0.1299999999999999,1.06,0.9532309889325242,1.3964807188318982,1,LEAK_2_3,HIGH,LEAK_2_3
2026-04-03 00:15:00,2.8,2.8,3.73,1.0,0.0,0.9300000000000002,0.9996429846483399,1.331667261692253,1,LEAK_2_3,HIGH,LEAK_2_3
2026-04-03 00:15:01,2.93,2.67,3.73,1.0,0.26000000000000023,1.06,0.9109518935516888,1.3964807188318982,1,LEAK_2_3,HIGH,LEAK_2_3
2026-04-03 00:15:02,2.8,2.67,3.6,1.0,0.1299999999999999,0.9300000000000002,0.9532309889325242,1.3478098090602773,1,LEAK_2_3,HIGH,LEAK_2_3
2026-04-03 00:15:03,2.8,2.67,3.73,1.0,0.1299999999999999,1.06,0.9532309889325242,1.3964807188318982,1,LEAK_2_3,HIGH,LEAK_2_3
2026-04-03 00:15:04,2.67,2.53,3.47,1.0,0.14000000000000012,0.9400000000000004,0.9472107824784725,1.3709996048992497,1,LEAK_2_3,HIGH,LEAK_2_3
2026-04-03 00:15:05,2.67,2.67,3.47,1.0,0.0,0.8000000000000003,0.9996256083863722,1.2991388992886561,0,NORMAL,MEDIUM,Imbalance
2026-04-03 00:15:06,2.8,2.67,3.73,1.0,0.1299999999999999,1.06,0.9532309889325242,1.3964807188318982,1,LEAK_2_3,HIGH,LEAK_2_3
2026-04-03 00:15:07,2.8,2.67,3.87,1.0,0.1299999999999999,1.2000000000000002,0.9532309889325242,1.448895544739798,1,LEAK_2_3,HIGH,LEAK_2_3
2026-04-03 00:15:08,2.8,2.67,3.6,1.0,0.1299999999999999,0.9300000000000002,0.9532309889325242,1.3478098090602773,1,LEAK_2_3,HIGH,LEAK_2_3
2026-04-03 00:15:09,2.93,2.67,3.73,1.0,0.26000000000000023,1.06,0.9109518935516888,1.3964807188318982,1,LEAK_2_3,HIGH,LEAK_2_3
2026-04-03 00:15:10,2.8,2.8,3.73,1.0,0.0,0.9300000000000002,0.9996429846483399,1.331667261692253,1,LEAK_2_3,HIGH,LEAK_2_3
2026-04-03 00:15:11,2.8,2.67,3.73,1.0,0.1299999999999999,1.06,0.9532309889325242,1.3964807188318982,1,LEAK_2_3,HIGH,LEAK_2_3
2026-04-03 00:15:12,2.8,2.67,3.73,1.0,0.1299999999999999,1.06,0.9532309889325242,1.3964807188318982,1,LEAK_2_3,HIGH,LEAK_2_3
2026-04-03 00:15:13,2.8,2.8,3.73,1.0,0.0,0.9300000000000002,0.9996429846483399,1.331667261692253,1,LEAK_2_3,HIGH,LEAK_2_3
2026-04-03 00:15:14,2.93,2.67,3.73,1.0,0.26000000000000023,1.06,0.9109518935516888,1.3964807188318982,1,LEAK_2_3,HIGH,LEAK_2_3
2026-04-03 00:15:15,2.8,2.67,3.73,1.0,0.1299999999999999,1.06,0.9532309889325242,1.3964807188318982,1,LEAK_2_3,HIGH,LEAK_2_3
2026-04-03 00:15:16,2.8,2.67,3.73,1.0,0.1299999999999999,1.06,0.9532309889325242,1.3964807188318982,1,LEAK_2_3,HIGH,LEAK_2_3
2026-04-03 00:15:17,2.8,2.8,3.73,1.0,0.0,0.9300000000000002,0.9996429846483399,1.331667261692253,1,LEAK_2_3,HIGH,LEAK_2_3
2026-04-03 00:15:18,2.8,2.67,3.6,1.0,0.1299999999999999,0.9300000000000002,0.9532309889325242,1.3478098090602773,1,LEAK_2_3,HIGH,LEAK_2_3
2026-04-03 00:15:19,2.93,2.8,3.73,1.0,0.13000000000000034,0.9300000000000002,0.9553053565336062,1.331667261692253,1,LEAK_2_3,HIGH,LEAK_2_3
2026-04-03 00:15:20,2.8,2.67,3.73,1.0,0.1299999999999999,1.06,0.9532309889325242,1.3964807188318982,1,LEAK_2_3,HIGH,LEAK_2_3
2026-04-03 00:15:21,2.8,2.67,3.73,1.0,0.1299999999999999,1.06,0.9532309889325242,1.3964807188318982,1,LEAK_2_3,HIGH,LEAK_2_3
2026-04-03 00:15:22,2.8,2.67,3.73,1.0,0.1299999999999999,1.06,0.9532309889325242,1.3964807188318982,1,LEAK_2_3,HIGH,LEAK_2_3
2026-04-03 00:15:23,2.8,2.8,3.73,1.0,0.0,0.9300000000000002,0.9996429846483399,1.331667261692253,1,LEAK_2_3,HIGH,LEAK_2_3
2026-04-03 00:15:24,2.8,2.67,3.73,1.0,0.1299999999999999,1.06,0.9532309889325242,1.3964807188318982,1,LEAK_2_3,HIGH,LEAK_2_3
2026-04-03 00:15:25,2.93,2.67,3.73,1.0,0.26000000000000023,1.06,0.9109518935516888,1.3964807188318982,1,LEAK_2_3,HIGH,LEAK_2_3
2026-04-03 00:15:26,2.8,2.8,3.73,1.0,0.0,0.9300000000000002,0.9996429846483399,1.331667261692253,1,LEAK_2_3,HIGH,LEAK_2_3
2026-04-03 00:15:27,2.8,2.67,3.73,1.0,0.1299999999999999,1.06,0.9532309889325242,1.3964807188318982,1,LEAK_2_3,HIGH,LEAK_2_3
2026-04-03 00:15:28,2.8,2.8,3.73,1.0,0.0,0.9300000000000002,0.9996429846483399,1.331667261692253,1,LEAK_2_3,HIGH,LEAK_2_3
2026-04-03 00:15:29,1.6,1.47,2.13,1.0,0.13000000000000012,0.6599999999999999,0.9181761399125546,1.4479945615227736,0,NORMAL,MEDIUM,Imbalance
2026-04-03 00:15:30,0.0,0.67,1.2,1.0,0.67,0.5299999999999999,670.0,1.788375558867362,0,NORMAL,MEDIUM,Imbalance
2026-04-03 00:15:31,0.0,0.27,1.07,1.0,0.27,0.8,270.0,3.9483394833948338,0,NORMAL,MEDIUM,Imbalance
2026-04-03 00:15:32,0.0,0.0,1.07,1.0,0.0,1.07,0.0,1070.0,0,NORMAL,MEDIUM,Imbalance
2026-04-03 00:15:33,0.13,0.0,0.93,1.0,0.13,0.93,0.0,930.0,0,NORMAL,MEDIUM,Imbalance
2026-04-03 00:15:34,0.0,0.0,0.93,1.0,0.0,0.93,0.0,930.0,0,NORMAL,MEDIUM,Imbalance
2026-04-03 00:15:35,0.13,0.0,0.93,1.0,0.13,0.93,0.0,930.0,0,NORMAL,MEDIUM,Imbalance
2026-04-03 00:15:36,0.0,0.0,0.67,1.0,0.0,0.67,0.0,670.0,0,NORMAL,MEDIUM,Imbalance
2026-04-03 00:15:37,0.0,0.0,0.8,1.0,0.0,0.8,0.0,800.0,0,NORMAL,MEDIUM,Imbalance
2026-04-03 00:15:38,0.0,0.0,0.53,1.0,0.0,0.53,0.0,530.0,0,NORMAL,MEDIUM,Imbalance
2026-04-03 00:15:39,0.0,0.0,0.67,1.0,0.0,0.67,0.0,670.0,0,NORMAL,MEDIUM,Imbalance
2026-04-03 00:15:40,0.0,0.0,0.53,1.0,0.0,0.53,0.0,530.0,0,NORMAL,MEDIUM,Imbalance
2026-04-03 00:15:41,0.0,0.0,0.4,1.0,0.0,0.4,0.0,400.0,0,NORMAL,LOW,Normal
2026-04-03 00:15:42,0.13,0.0,0.4,1.0,0.13,0.4,0.0,400.0,0,NORMAL,LOW,Normal
2026-04-03 00:15:43,0.0,0.0,0.4,1.0,0.0,0.4,0.0,400.0,0,NORMAL,LOW,Normal
2026-04-03 00:15:44,0.13,0.0,0.27,1.0,0.13,0.27,0.0,270.0,0,NORMAL,LOW,Normal
2026-04-03 00:15:45,0.13,0.0,0.13,1.0,0.13,0.13,0.0,130.0,0,NORMAL,LOW,Normal
2026-04-03 00:15:46,0.0,0.0,0.0,1.0,0.0,0.0,0.0,0.0,0,NORMAL,LOW,Normal
2026-04-03 00:15:47,0.13,0.0,0.0,1.0,0.13,0.0,0.0,0.0,0,NORMAL,LOW,Normal
2026-04-03 00:15:48,0.0,0.0,0.0,1.0,0.0,0.0,0.0,0.0,0,NORMAL,LOW,Normal
2026-04-03 00:15:49,0.0,0.0,0.0,1.0,0.0,0.0,0.0,0.0,0,NORMAL,LOW,Normal
2026-04-03 00:15:50,0.0,0.0,0.0,1.0,0.0,0.0,0.0,0.0,0,NORMAL,LOW,Normal
2026-04-03 00:15:51,0.0,0.0,0.0,1.0,0.0,0.0,0.0,0.0,0,NORMAL,LOW,Normal
2026-04-03 00:15:52,0.13,0.0,0.0,1.0,0.13,0.0,0.0,0.0,0,NORMAL,LOW,Normal
2026-04-03 00:15:53,0.0,0.0,0.0,1.0,0.0,0.0,0.0,0.0,0,NORMAL,LOW,Normal
2026-04-03 00:15:54,0.0,0.0,0.0,1.0,0.0,0.0,0.0,0.0,0,NORMAL,LOW,Normal
2026-04-03 00:15:55,0.13,0.0,0.0,1.0,0.13,0.0,0.0,0.0,0,NORMAL,LOW,Normal
2026-04-03 00:15:56,0.0,0.0,0.0,1.0,0.0,0.0,0.0,0.0,0,NORMAL,LOW,Normal
2026-04-03 00:15:57,0.0,0.0,0.0,1.0,0.0,0.0,0.0,0.0,0,NORMAL,LOW,Normal
2026-04-03 00:15:58,0.0,0.0,0.0,1.0,0.0,0.0,0.0,0.0,0,NORMAL,LOW,Normal
2026-04-03 00:15:59,0.0,0.0,0.0,1.0,0.0,0.0,0.0,0.0,0,NORMAL,LOW,Normal
2026-04-03 00:16:00,0.0,0.0,0.0,1.0,0.0,0.0,0.0,0.0,0,NORMAL,LOW,Normal
2026-04-03 00:16:01,0.0,0.0,0.0,1.0,0.0,0.0,0.0,0.0,0,NORMAL,LOW,Normal
2026-04-03 00:16:02,0.0,0.0,0.0,1.0,0.0,0.0,0.0,0.0,0,NORMAL,LOW,Normal
2026-04-03 00:16:03,0.0,0.0,0.0,1.0,0.0,0.0,0.0,0.0,0,NORMAL,LOW,Normal
2026-04-03 00:16:04,0.0,0.0,0.0,1.0,0.0,0.0,0.0,0.0,0,NORMAL,LOW,Normal
2026-04-03 00:16:05,0.0,0.0,0.0,1.0,0.0,0.0,0.0,0.0,0,NORMAL,LOW,Normal
2026-04-03 00:16:06,0.0,0.0,0.0,1.0,0.0,0.0,0.0,0.0,0,NORMAL,LOW,Normal
2026-04-03 00:16:07,0.0,0.0,0.0,1.0,0.0,0.0,0.0,0.0,0,NORMAL,LOW,Normal
2026-04-03 00:16:08,0.0,0.0,0.0,1.0,0.0,0.0,0.0,0.0,0,NORMAL,LOW,Normal
2026-04-03 00:16:09,0.0,0.0,0.0,1.0,0.0,0.0,0.0,0.0,0,NORMAL,LOW,Normal
2026-04-03 00:16:10,0.0,0.0,0.0,1.0,0.0,0.0,0.0,0.0,0,NORMAL,LOW,Normal
2026-04-03 00:16:11,0.0,0.0,0.0,1.0,0.0,0.0,0.0,0.0,0,NORMAL,LOW,Normal
2026-04-03 00:16:12,0.0,0.0,0.0,1.0,0.0,0.0,0.0,0.0,0,NORMAL,LOW,Normal
2026-04-03 00:16:13,0.0,0.0,0.0,1.0,0.0,0.0,0.0,0.0,0,NORMAL,LOW,Normal
